t,analytic,delan
0.0,9.857706087554526,107.46148681640625
0.002,9.857706087554522,107.46148774770715
0.004,9.85770608755452,107.4614905595554
0.006,9.85770608755452,107.46148767987768
0.008,9.857706087554522,107.46148682808868
0.01,9.857706087554526,107.46148813762267
0.012,9.857706087554533,107.46149177203392
0.014,9.857706087554542,107.46149029818615
0.016,9.857706087554558,107.46149160182398
0.018000000000000002,9.857706087554577,107.46148831085328
0.02,9.857706087554604,107.46148838742064
0.022,9.857706087554636,107.46149215367758
0.024,9.857706087554677,107.46148473746138
0.026000000000000002,9.857706087554725,107.46149707500014
0.028,9.857706087554782,107.46149144317728
0.03,9.85770608755485,107.46149125851518
0.032,9.857706087554934,107.46148937951293
0.034,9.857706087555028,107.46149396463213
0.036000000000000004,9.857706087555139,107.4614903340454
0.038,9.857706087555263,107.46149439294827
0.04,9.857706087555407,107.46148379606701
0.042,9.857706087555568,107.46148215801651
0.044,9.857706087555748,107.46148256722161
0.046,9.85770608755595,107.4614780546884
0.048,9.857706087556172,107.46149225590116
0.05,9.857706087556416,107.46148778832004
0.052000000000000005,9.857706087556682,107.46148072183043
0.054,9.857706087556974,107.46148707840669
0.056,9.857706087557288,107.46148489559742
0.058,9.857706087557627,107.46148257002872
0.06,9.85770608755799,107.4614885360038
0.062,9.857706087558379,107.46148080784303
0.064,9.857706087558789,107.46148340541338
0.066,9.857706087559228,107.4614892523891
0.068,9.857706087559688,107.46148441490784
0.07,9.857706087560171,107.46148497620239
0.07200000000000001,9.857706087560677,107.46149154430191
0.074,9.857706087561201,107.46149008173632
0.076,9.857706087561745,107.46149700486592
0.078,9.85770608756231,107.46149005336366
0.08,9.857706087562885,107.46149372215898
0.082,9.857706087563475,107.4614927741437
0.084,9.857706087564075,107.46148897777391
0.08600000000000001,9.857706087564685,107.46148288396138
0.088,9.857706087565301,107.46149151281489
0.09,9.857706087565916,107.46147670938004
0.092,9.85770608756653,107.46148607855596
0.094,9.857706087567138,107.46148183044536
0.096,9.857706087567733,107.46148817106986
0.098,9.857706087568317,107.4614831686886
0.1,9.857706087568882,107.4614908541028
0.10200000000000001,9.857706087569422,107.46148922569918
0.10400000000000001,9.857706087569937,107.46148636274121
0.106,9.857706087570413,107.46147684072959
0.108,9.85770608757085,107.46149107535423
0.11,9.857706087571245,107.46148428156823
0.112,9.857706087571586,107.46148874907725
0.114,9.857706087571872,107.46148922650187
0.116,9.857706087572094,107.46148671136488
0.11800000000000001,9.857706087572245,107.4614909210828
0.12,9.857706087572323,107.46147822230566
0.122,9.857706087572312,107.46148918672415
0.124,9.857706087572216,107.46148511358527
0.126,9.857706087572026,107.46149845288197
0.128,9.85770608757173,107.46148275261936
0.13,9.857706087571323,107.46148667597222
0.132,9.857706087570802,107.46147943085022
0.134,9.857706087570154,107.46148471728934
0.136,9.857706087569376,107.46148716116572
0.138,9.857706087568463,107.46148957141854
0.14,9.8577060875674,107.46149102112058
0.14200000000000002,9.85770608756619,107.46148549672019
0.14400000000000002,9.857706087564821,107.46148800550823
0.146,9.857706087563285,107.46148513164609
0.148,9.857706087561578,107.4614764908573
0.15,9.857706087559695,107.46148587273726
0.152,9.857706087557625,107.4614835981225
0.154,9.857706087555364,107.46148562956392
0.156,9.857706087552904,107.46148420716558
0.158,9.857706087550241,107.46148891262796
0.16,9.857706087547365,107.46148382670685
0.162,9.857706087544276,107.46149130097636
0.164,9.857706087540963,107.46148379687045
0.166,9.857706087537425,107.46148310462898
0.168,9.85770608753365,107.46148329175449
0.17,9.857706087529637,107.46148240002088
0.17200000000000001,9.85770608752538,107.46148328414985
0.17400000000000002,9.85770608752087,107.46149191012437
0.176,9.85770608751611,107.46148746174575
0.178,9.857706087511087,107.46148531571338
0.18,9.857706087505795,107.46148466967682
0.182,9.857706087500237,107.46149305281507
0.184,9.857706087494405,107.4614895174685
0.186,9.857706087488289,107.46148869087625
0.188,9.857706087481889,107.46149016473667
0.19,9.8577060874752,107.46148778358385
0.192,9.857706087468216,107.46148070569731
0.194,9.857706087460937,107.46148419832798
0.196,9.857706087453348,107.46148322638439
0.198,9.857706087445454,107.46148650447459
0.2,9.857706087437245,107.4614772443225
0.202,9.857706087428717,107.46148683876733
0.20400000000000001,9.85770608741987,107.4614839192264
0.20600000000000002,9.857706087410696,107.46148363659306
0.20800000000000002,9.857706087401187,107.46148768458987
0.21,9.857706087391342,107.46148572724445
0.212,9.857706087381157,107.46148668587466
0.214,9.857706087370621,107.4614823139127
0.216,9.857706087359736,107.461496237289
0.218,9.857706087348493,107.46148712321796
0.22,9.857706087336888,107.4614871190562
0.222,9.857706087324916,107.4614818362304
0.224,9.857706087312568,107.46148261692278
0.226,9.857706087299842,107.46149133197825
0.228,9.85770608728673,107.46148516362669
0.23,9.85770608727323,107.46148440642702
0.232,9.857706087259333,107.46148139510132
0.234,9.857706087245031,107.46147561938659
0.23600000000000002,9.857706087230317,107.46148130812358
0.23800000000000002,9.857706087215192,107.46148400474802
0.24,9.85770608719964,107.46148224340493
0.242,9.857706087183658,107.4614872763915
0.244,9.85770608716724,107.46147922286058
0.246,9.857706087150383,107.46148590810337
0.248,9.857706087133076,107.46149072296504
0.25,9.857706087115309,107.46149197240621
0.252,9.857706087097078,107.46149061854514
0.254,9.857706087078377,107.46148171824413
0.256,9.857706087059196,107.46149100569572
0.258,9.85770608703953,107.46149129738373
0.26,9.85770608701937,107.46149001560272
0.262,9.85770608699871,107.46149353232705
0.264,9.85770608697754,107.46149242927999
0.266,9.857706086955858,107.46148932315627
0.268,9.857706086933655,107.46148076514537
0.27,9.857706086910923,107.46149035714788
0.272,9.85770608688766,107.46148110539032
0.274,9.857706086863853,107.46148885570149
0.276,9.857706086839498,107.4614869804834
0.278,9.857706086814591,107.46149966614581
0.28,9.857706086789127,107.46148936725288
0.28200000000000003,9.857706086763102,107.4614876388567
0.28400000000000003,9.85770608673651,107.46149135544516
0.28600000000000003,9.857706086709346,107.46148175538288
0.28800000000000003,9.85770608668161,107.461476082794
0.29,9.857706086653298,107.46148045511254
0.292,9.85770608662441,107.46149247102211
0.294,9.857706086594943,107.46147874869649
0.296,9.857706086564896,107.46148635228315
0.298,9.857706086534275,107.46148135047495
0.3,9.857706086503079,107.46149146775613
0.302,9.857706086471316,107.46149808645511
0.304,9.85770608643898,107.46148058482024
0.306,9.85770608640609,107.46148746755262
0.308,9.857706086372644,107.46147913624274
0.31,9.85770608633866,107.46148781474169
0.312,9.85770608630414,107.46148964666504
0.314,9.8577060862691,107.46148629730058
0.316,9.85770608623356,107.46147859487768
0.318,9.857706086197528,107.46148532069361
0.32,9.857706086161027,107.46149016680224
0.322,9.857706086124079,107.46148921376526
0.324,9.857706086086704,107.46148227841448
0.326,9.857706086048934,107.46148990773995
0.328,9.857706086010792,107.46149529964197
0.33,9.857706085972309,107.46148727774118
0.332,9.857706085933525,107.46149363497713
0.334,9.857706085894474,107.46147792789029
0.336,9.857706085855193,107.46148933295343
0.338,9.857706085815735,107.46148609475998
0.34,9.857706085776142,107.46148474505758
0.342,9.857706085736465,107.46148675362969
0.34400000000000003,9.857706085696762,107.4614809815287
0.34600000000000003,9.857706085657085,107.46147994123137
0.34800000000000003,9.857706085617506,107.46147938071238
0.35000000000000003,9.857706085578089,107.46148433265154
0.352,9.8577060855389,107.46148110245636
0.354,9.857706085500022,107.46149186308055
0.356,9.85770608546153,107.46149664622618
0.358,9.857706085423512,107.46148294088376
0.36,9.857706085386058,107.4614983805276
0.362,9.85770608534926,107.46148636688659
0.364,9.85770608531322,107.4614874054208
0.366,9.857706085278037,107.46149187205442
0.368,9.85770608524383,107.46148425442644
0.37,9.857706085210706,107.46148404270659
0.372,9.85770608517879,107.46148974361188
0.374,9.857706085148202,107.4614895406148
0.376,9.857706085119073,107.46148137047199
0.378,9.857706085091541,107.46148425074588
0.38,9.857706085065745,107.46148283445815
0.382,9.85770608504183,107.4614796656943
0.384,9.857706085019947,107.4614845291082
0.386,9.857706085000247,107.46148477816311
0.388,9.857706084982897,107.46149113794156
0.39,9.857706084968058,107.46148120842095
0.392,9.857706084955904,107.46149364750657
0.394,9.857706084946606,107.46147947173992
0.396,9.857706084940343,107.46147593765141
0.398,9.857706084937298,107.4614918772962
0.4,9.857706084937654,107.46148883858996
0.402,9.8577060849416,107.46148781070158
0.404,9.85770608494933,107.46149218941241
0.406,9.857706084961043,107.46148312808118
0.40800000000000003,9.857706084976924,107.46149089017436
0.41000000000000003,9.857706084997186,107.4614964311513
0.41200000000000003,9.857706085022027,107.46149292800885
0.41400000000000003,9.85770608505165,107.46149494016865
0.41600000000000004,9.85770608508625,107.46149275126928
0.418,9.857706085126036,107.46149014633929
0.42,9.857706085171207,107.46148757019171
0.422,9.85770608522197,107.46148811654584
0.424,9.857706085278524,107.4614935810691
0.426,9.857706085341066,107.46148390521877
0.428,9.857706085409788,107.46148688984417
0.43,9.857706085484885,107.46148659156216
0.432,9.85770608556654,107.46148173089972
0.434,9.857706085654948,107.46148990100664
0.436,9.857706085750277,107.46148446766055
0.438,9.857706085852708,107.46149333519026
0.44,9.857706085962402,107.46149407943041
0.442,9.857706086079515,107.46147943506381
0.444,9.8577060862042,107.461487371422
0.446,9.85770608633661,107.46148637797465
0.448,9.857706086476867,107.461482394406
0.45,9.857706086625097,107.46148496223546
0.452,9.857706086781418,107.46147864695149
0.454,9.857706086945928,107.46148404484401
0.456,9.857706087118732,107.46148854443513
0.458,9.857706087299906,107.46149249039657
0.46,9.857706087489516,107.46148439904576
0.462,9.857706087687625,107.46148569812034
0.464,9.857706087894282,107.46148350557114
0.466,9.857706088109524,107.46148690324398
0.468,9.857706088333366,107.46149102433606
0.47000000000000003,9.857706088565827,107.46148430095748
0.47200000000000003,9.857706088806902,107.46148754295932
0.47400000000000003,9.85770608905658,107.46148888724446
0.47600000000000003,9.857706089314835,107.46149107666467
0.47800000000000004,9.857706089581646,107.46148754857109
0.48,9.857706089856958,107.46148302609393
0.482,9.85770609014072,107.46148631653094
0.484,9.85770609043287,107.46149265596264
0.486,9.857706090733354,107.46148543391844
0.488,9.857706091042086,107.46148590098912
0.49,9.857706091358995,107.46148737200444
0.492,9.857706091683998,107.46147641953064
0.494,9.857706092017018,107.46148143961148
0.496,9.857706092357969,107.46148528356889
0.498,9.857706092706769,107.46148916465398
0.5,9.85770609306335,107.46148773969897
0.502,9.85770609342764,107.46148160672486
0.504,9.857706093799587,107.46148522126444
0.506,9.85770609417913,107.46148860727334
0.508,9.857706094566257,107.46148636288815
0.51,9.857706094960944,107.46148560008152
0.512,9.857706095363188,107.46149229898714
0.514,9.857706095773029,107.46148001146875
0.516,9.857706096190515,107.4614910634623
0.518,9.857706096615727,107.4614878912779
0.52,9.857706097048792,107.46148718649155
0.522,9.857706097489853,107.46149096652599
0.524,9.857706097939113,107.46148952401907
0.526,9.857706098396804,107.46149134146796
0.528,9.857706098863211,107.46148801548037
0.53,9.857706099338667,107.46148351545831
0.532,9.85770609982357,107.46147929916177
0.534,9.857706100318355,107.46148732285592
0.536,9.85770610082354,107.4614905902426
0.538,9.85770610133969,107.46148218603696
0.54,9.857706101867455,107.46148338028016
0.542,9.857706102407533,107.46149339800918
0.544,9.85770610296071,107.461488831027
0.546,9.857706103527846,107.46148793102428
0.548,9.85770610410986,107.46148720199785
0.55,9.857706104707752,107.46148489310752
0.552,9.857706105322611,107.461490056151
0.554,9.857706105955574,107.46148696252365
0.556,9.857706106607854,107.46148745632394
0.558,9.85770610728072,107.46149834355178
0.56,9.857706107975492,107.46149271361024
0.562,9.85770610869354,107.46149192995381
0.5640000000000001,9.857706109436219,107.46149530639664
0.5660000000000001,9.85770611020492,107.4614848674893
0.5680000000000001,9.85770611100099,107.46148586820519
0.5700000000000001,9.857706111825713,107.46149127150342
0.5720000000000001,9.857706112680258,107.46149006628237
0.5740000000000001,9.857706113565639,107.46148231193625
0.5760000000000001,9.85770611448264,107.46148521389291
0.578,9.857706115431723,107.46149580360847
0.58,9.85770611641293,107.46149218558585
0.582,9.857706117425746,107.46149580210285
0.584,9.857706118468979,107.4614825399868
0.586,9.857706119540527,107.46149284249701
0.588,9.857706120637188,107.4614942931388
0.59,9.857706121754383,107.46148405738637
0.592,9.857706122885812,107.46149248474192
0.594,9.857706124023107,107.46148704804125
0.596,9.857706125155369,107.46149415096045
0.598,9.857706126268631,107.4614855216132
0.6,9.857706127345311,107.461481536949
0.602,9.857706128363475,107.46147303766703
0.604,9.85770612929612,107.46149126271591
0.606,9.857706130110348,107.46148188157237
0.608,9.857706130766493,107.46149294188866
0.61,9.857706131217334,107.46148830298037
0.612,9.857706131407284,107.46148466344115
0.614,9.8577061312719,107.46148790884097
0.616,9.857706130737718,107.46148397216501
0.618,9.857706129722736,107.4614874730329
0.62,9.857706128137913,107.4614905272684
0.622,9.857706125890157,107.46148061309546
0.624,9.857706122887393,107.4614831580822
0.626,9.857706119046522,107.46148419501317
0.628,9.857706114305195,107.4614833938438
0.63,9.85770610863845,107.46148702428495
0.632,9.857706102081064,107.46149009589998
0.634,9.857706094756487,107.46149384103788
0.636,9.857706086912149,107.4614995679173
0.638,9.857706078959868,107.46148799822723
0.64,9.857706071517779,107.461481510336
0.642,9.857706065446983,107.46148349479441
0.644,9.857706061872083,107.46148909266009
0.646,9.85770606216986,107.46149183122446
0.648,9.857706067906971,107.46149032348352
0.65,9.85770608070612,107.46148773982348
0.652,9.857706102026011,107.46149921080465
0.654,9.857706132854887,107.4614880427861
0.656,9.857706173344134,107.46149296080478
0.658,9.857706222444001,107.46149642392196
0.66,9.85770627763985,107.46150292241992
0.662,9.85770633490738,107.46148090000295
0.664,9.857706388989403,107.46148254303543
0.666,9.857706434031332,107.46149199143355
0.668,9.857706464504897,107.46148871842973
0.67,9.85770647623065,107.46148694360971
0.672,9.857706467235111,107.4614781157097
0.674,9.8577064381913,107.46148838369362
0.676,9.857706392302784,107.46149661109172
0.678,9.85770633466348,107.46148898394856
0.68,9.857706271283703,107.46148705775724
0.682,9.857706208054378,107.46150286723956
0.684,9.857706149899936,107.46148546242944
0.686,9.857706100272129,107.461498202806
0.6880000000000001,9.85770606101314,107.46149227883457
0.6900000000000001,9.857706032517704,107.46148747142135
0.6920000000000001,9.857706014074822,107.46148593935222
0.6940000000000001,9.857706004269108,107.46148961262435
0.6960000000000001,9.857706001351414,107.46149080276999
0.6980000000000001,9.857706003528698,107.46149358635793
0.7000000000000001,9.857706009157663,107.46147453419685
0.7020000000000001,9.857706016850674,107.4614923047686
0.704,9.85770602551349,107.46148974556228
0.706,9.85770603433733,107.46148726691868
0.708,9.857706042764715,107.46149353085966
0.71,9.85770605044404,107.46148143981732
0.712,9.857706057182728,107.46149365739282
0.714,9.857706062904406,107.4614943628148
0.716,9.857706067613023,107.46148591870949
0.718,9.857706071364312,107.46148881884777
0.72,9.857706074244302,107.46149230244264
0.722,9.857706076353825,107.46149183886502
0.724,9.857706077797818,107.46148983174578
0.726,9.857706078678408,107.46148074646558
0.728,9.857706079090665,107.46149436406617
0.73,9.85770607912037,107.46149365687825
0.732,9.857706078843087,107.46149136507148
0.734,9.857706078324153,107.4614907606502
0.736,9.85770607761912,107.46148451495836
0.738,9.857706076774623,107.46149121943367
0.74,9.85770607582926,107.46149724224105
0.742,9.857706074814622,107.46148819070544
0.744,9.857706073756255,107.46149355204099
0.746,9.857706072674485,107.46148223930822
0.748,9.857706071585302,107.46149751698121
0.75,9.857706070501024,107.46148649710287
0.752,9.85770606943095,107.46149105065231
0.754,9.857706068381866,107.46149351373899
0.756,9.85770606735851,107.4614903388444
0.758,9.857706066363999,107.4614707756425
0.76,9.857706065400087,107.46148442442575
0.762,9.857706064467504,107.46148366829912
0.764,9.857706063566113,107.46148660373784
0.766,9.857706062695176,107.46149235402842
0.768,9.857706061853424,107.46148498668586
0.77,9.85770606103927,107.46149186589804
0.772,9.857706060250834,107.46149001366165
0.774,9.857706059486102,107.46149519348702
0.776,9.857706058742938,107.46148754457626
0.778,9.857706058019186,107.46149499970548
0.78,9.85770605731268,107.46149333955469
0.782,9.85770605662129,107.46149046475658
0.784,9.857706055942984,107.46149206334033
0.786,9.857706055275816,107.46148583977191
0.788,9.85770605461795,107.46148165688246
0.79,9.857706053967675,107.46149320923921
0.792,9.857706053323426,107.46149059980326
0.794,9.857706052683806,107.46148855220231
0.796,9.857706052047533,107.46148753186694
0.798,9.857706051413501,107.46149354404494
0.8,9.857706050780767,107.46149081715294
0.802,9.85770605014853,107.46149402848465
0.804,9.857706049516157,107.4614950901847
0.806,9.857706048883156,107.46148571540701
0.808,9.857706048249185,107.46149516790929
0.81,9.857706047614041,107.46148734269477
0.812,9.857706046977658,107.46149208640222
0.8140000000000001,9.857706046340109,107.46150268030217
0.8160000000000001,9.857706045701558,107.46148707206856
0.8180000000000001,9.857706045062326,107.461492436482
0.8200000000000001,9.85770604442278,107.46149476692906
0.8220000000000001,9.857706043783441,107.46148059944159
0.8240000000000001,9.857706043144884,107.46148212072038
0.8260000000000001,9.857706042507779,107.4614927845774
0.8280000000000001,9.857706041872838,107.46149143264066
0.8300000000000001,9.857706041240856,107.46148440112191
0.8320000000000001,9.857706040612658,107.46149994540274
0.834,9.857706039989136,107.46148786707877
0.836,9.857706039371173,107.46149285676157
0.838,9.857706038759702,107.46148727258246
0.84,9.857706038155658,107.4614835591487
0.842,9.857706037559993,107.46149322871076
0.844,9.857706036973617,107.46148817436406
0.846,9.85770603639747,107.46149511609994
0.848,9.857706035832448,107.46149667503252
0.85,9.857706035279422,107.46149058051215
0.852,9.857706034739241,107.46148748862618
0.854,9.857706034212704,107.46150156320145
0.856,9.857706033700556,107.46149358316214
0.858,9.857706033203488,107.46148076813682
0.86,9.857706032722174,107.46148601417099
0.862,9.857706032257198,107.46149690690497
0.864,9.857706031809073,107.46148505529133
0.866,9.857706031378257,107.46149853078516
0.868,9.857706030965149,107.46149008580151
0.87,9.857706030570057,107.46148898778357
0.872,9.857706030193212,107.4614979595839
0.874,9.857706029834784,107.46148822818537
0.876,9.857706029494874,107.46149200174125
0.878,9.857706029173471,107.46148912715513
0.88,9.857706028870512,107.46148414222534
0.882,9.85770602858582,107.46148828050698
0.884,9.857706028319171,107.4614775553991
0.886,9.857706028070224,107.46148805192351
0.888,9.857706027838564,107.46148969191563
0.89,9.85770602762366,107.46148989336398
0.892,9.857706027424936,107.46149707100075
0.894,9.857706027241635,107.46149533266583
0.896,9.85770602707297,107.46148355208675
0.898,9.857706026918006,107.4614869552315
0.9,9.857706026775682,107.4614881747246
0.902,9.857706026644816,107.46148590612754
0.904,9.857706026524106,107.46149513909857
0.906,9.857706026412055,107.46148693449788
0.908,9.857706026307014,107.46148755507329
0.91,9.857706026207143,107.46150669751556
0.912,9.857706026110428,107.4614894657161
0.914,9.85770602601455,107.46149736326932
0.916,9.857706025916999,107.4614774988872
0.918,9.857706025814924,107.46150463321636
0.92,9.857706025705188,107.46148919201451
0.922,9.857706025584275,107.46150535590007
0.924,9.857706025448268,107.46148735262724
0.926,9.857706025292796,107.46148867694497
0.928,9.85770602511302,107.46147728678659
0.93,9.857706024903539,107.46147592232174
0.932,9.857706024658377,107.46150071436612
0.934,9.857706024370943,107.46149135140257
0.936,9.857706024033952,107.4614868544834
0.9380000000000001,9.857706023639448,107.46148793770331
0.9400000000000001,9.857706023178796,107.46149276708947
0.9420000000000001,9.85770602264267,107.46149856729478
0.9440000000000001,9.857706022021114,107.46149971172755
0.9460000000000001,9.857706021303704,107.46148734180795
0.9480000000000001,9.857706020479666,107.46150028642741
0.9500000000000001,9.857706019538238,107.46149517808047
0.9520000000000001,9.857706018468999,107.46149044351804
0.9540000000000001,9.857706017262503,107.4614889027562
0.9560000000000001,9.857706015911056,107.46149166510168
0.9580000000000001,9.857706014409708,107.46149557973263
0.96,9.857706012757703,107.46149752420234
0.962,9.857706010960118,107.46148714734798
0.964,9.857706009030082,107.46150143956174
0.966,9.8577060069914,107.46150009565676
0.968,9.857706004881752,107.46148869042653
0.97,9.857706002756293,107.46148190166983
0.972,9.857706000691802,107.46149340613304
0.974,9.85770599879092,107.46148360402543
0.976,9.857705997186498,107.46148695907716
0.978,9.857705996045219,107.46148797101662
0.98,9.85770599557009,107.46149230045714
0.982,9.857705996000464,107.46146632392532
0.984,9.857705997608832,107.46148923596026
0.986,9.857706000692492,107.46148684365396
0.988,9.857706005558821,107.4614903715021
0.99,9.857706012503034,107.46149336265395
0.992,9.85770602177735,107.46147910203948
0.994,9.857706033552464,107.4614830577329
0.996,9.857706047873148,107.46149294453109
0.998,9.85770606461239,107.46148817685517
1.0,9.857706083430873,107.4614722096717
1.002,9.857706103750242,107.46148607923024
1.004,9.857706124749926,107.46149268413876
1.006,9.857706145395609,107.46147878841671
1.008,9.857706164504403,107.46149935520681
1.01,9.857706180844955,107.46148668652026
1.012,9.857706193263024,107.46149346443454
1.014,9.857706200815816,107.46148688474526
1.016,9.85770620289276,107.4614918380284
1.018,9.857706199300303,107.46148407229086
1.02,9.857706190293815,107.46147359798252
1.022,9.857706176549014,107.46148825276558
1.024,9.85770615907812,107.46149438150626
1.026,9.857706139106323,107.46148806378795
1.028,9.857706117931276,107.46148589833984
1.03,9.85770609678915,107.46150068506006
1.032,9.857706076746695,107.46148615730641
1.034,9.857706058630635,107.46149297963768
1.036,9.85770604299746,107.46148988209013
1.038,9.857706030139038,107.46150231498788
1.04,9.857706020114888,107.4614857552758
1.042,9.857706012800383,107.46148343081374
1.044,9.857706007940507,107.46147702881419
1.046,9.857706005201457,107.46149290020509
1.048,9.857706004214903,107.46150179306133
1.05,9.857706004612313,107.46149669227255
1.052,9.857706006049167,107.46148338863601
1.054,9.857706008219782,107.46148079645086
1.056,9.857706010864579,107.4614788065179
1.058,9.857706013771743,107.46149432172366
1.06,9.857706016774902,107.461495737934
1.062,9.857706019748594,107.46148128850379
1.064,9.857706022602525,107.46148910222655
1.066,9.85770602527549,107.46150135608013
1.068,9.85770602772962,107.46149332722938
1.07,9.857706029945131,107.46149071680068
1.072,9.857706031915807,107.4614848457118
1.074,9.857706033645222,107.46147454149951
1.076,9.85770603514375,107.4614836613611
1.078,9.857706036426139,107.46148919086443
1.08,9.857706037509686,107.46149354899845
1.082,9.857706038412886,107.4614897509539
1.084,9.857706039154472,107.46148448234416
1.086,9.857706039752681,107.46148587794455
1.088,9.857706040224862,107.46149074247172
1.09,9.857706040587152,107.46148849209645
1.092,9.85770604085435,107.4614905836897
1.094,9.857706041039865,107.46148676316086
1.096,9.857706041155694,107.46150882110018
1.098,9.857706041212532,107.46148161945003
1.1,9.857706041219773,107.46148466710912
1.102,9.857706041185665,107.46148349622185
1.104,9.857706041117403,107.46148781725742
1.106,9.857706041021222,107.46149305483283
1.108,9.857706040902489,107.4614761267952
1.11,9.85770604076583,107.46147768564566
1.112,9.857706040615184,107.46148640180813
1.114,9.857706040453921,107.46149342243055
1.116,9.857706040284887,107.46148872645367
1.118,9.857706040110472,107.46149933666959
1.12,9.857706039932703,107.46149361035198
1.122,9.857706039753257,107.46148441186617
1.124,9.857706039573532,107.46148456993117
1.1260000000000001,9.857706039394671,107.46148315528515
1.1280000000000001,9.857706039217618,107.46148147571004
1.1300000000000001,9.85770603904312,107.46147173851277
1.1320000000000001,9.857706038871788,107.46148283782571
1.1340000000000001,9.857706038704093,107.46148622201582
1.1360000000000001,9.85770603854041,107.46148736988681
1.1380000000000001,9.85770603838099,107.46149005166015
1.1400000000000001,9.857706038226054,107.46149320305094
1.1420000000000001,9.857706038075708,107.46147258205772
1.1440000000000001,9.857706037930043,107.46149738796026
1.1460000000000001,9.857706037789088,107.4614930574453
1.1480000000000001,9.857706037652832,107.46148396956825
1.1500000000000001,9.85770603752124,107.4614856033912
1.1520000000000001,9.857706037394255,107.46149713063505
1.154,9.857706037271804,107.4614961103559
1.156,9.857706037153783,107.46150121505548
1.158,9.85770603704009,107.46149492422704
1.16,9.857706036930612,107.46149657591936
1.162,9.85770603682522,107.46148824179335
1.164,9.857706036723792,107.46148352985024
1.166,9.857706036626206,107.46148373618055
1.168,9.857706036532328,107.46149213361393
1.17,9.857706036442021,107.46148852084366
1.172,9.857706036355172,107.46149284023363
1.174,9.857706036271638,107.46150116040647
1.176,9.857706036191306,107.46150254822268
1.178,9.857706036114042,107.46149146963738
1.18,9.85770603603974,107.4614933581476
1.182,9.857706035968274,107.46149228875191
1.184,9.857706035899533,107.4614934749581
1.186,9.857706035833418,107.4614938525086
1.188,9.857706035769814,107.46149245705638
1.19,9.85770603570862,107.46149378493568
1.192,9.857706035649745,107.46148715050889
1.194,9.85770603559309,107.4614864293948
1.196,9.857706035538563,107.46149574514268
1.198,9.857706035486085,107.46148766889688
1.2,9.857706035435575,107.4614930341651
1.202,9.857706035386943,107.4614826683308
1.204,9.85770603534012,107.46148966012852
1.206,9.857706035295033,107.46149520305309
1.208,9.85770603525161,107.4614988966023
1.21,9.857706035209793,107.4614873218747
1.212,9.85770603516951,107.46149556307225
1.214,9.85770603513071,107.46148675465508
1.216,9.857706035093326,107.46148617028587
1.218,9.857706035057305,107.46147275342248
1.22,9.857706035022595,107.46149588307175
1.222,9.85770603498915,107.46148017210663
1.224,9.857706034956912,107.46149982082918
1.226,9.85770603492585,107.46149105200894
1.228,9.857706034895903,107.46148667953207
1.23,9.857706034867038,107.46148966051719
1.232,9.857706034839211,107.46148465047506
1.234,9.857706034812388,107.46149598951534
1.236,9.857706034786538,107.46149443719878
1.238,9.857706034761613,107.46148482614711
1.24,9.857706034737589,107.46149271740045
1.242,9.857706034714424,107.46149622706247
1.244,9.857706034692095,107.46147906777864
1.246,9.85770603467057,107.46148569500254
1.248,9.857706034649814,107.4614914763228
1.25,9.857706034629807,107.46150529691558
1.252,9.857706034610523,107.46147844720056
1.254,9.857706034591942,107.46148758202946
1.256,9.85770603457403,107.4614941967545
1.258,9.857706034556765,107.46148169780398
1.26,9.85770603454013,107.46150307001342
1.262,9.8577060345241,107.46148960489303
1.264,9.857706034508654,107.46149200050976
1.266,9.85770603449378,107.46148933188202
1.268,9.857706034479452,107.46148636985954
1.27,9.85770603446565,107.46148503921371
1.272,9.857706034452363,107.46149701946545
1.274,9.85770603443957,107.46149378699104
1.276,9.857706034427256,107.46150312898418
1.278,9.8577060344154,107.46147415315583
1.28,9.857706034403996,107.46148633203858
1.282,9.85770603439303,107.4614978947358
1.284,9.857706034382478,107.46148847757118
1.286,9.857706034372335,107.46148419622827
1.288,9.857706034362579,107.4614972969481
1.29,9.8577060343532,107.46149072512355
1.292,9.857706034344186,107.46148525517926
1.294,9.857706034335528,107.46150683193801
1.296,9.85770603432722,107.46147430560917
1.298,9.857706034319245,107.46148223892564
1.3,9.857706034311585,107.461480760642
1.302,9.857706034304238,107.46148915631294
1.304,9.857706034297191,107.46148044607119
1.306,9.857706034290437,107.46147243052368
1.308,9.85770603428396,107.46149149819529
1.31,9.857706034277761,107.46149597700548
1.312,9.857706034271821,107.46149565464535
1.314,9.85770603426614,107.46148083530335
1.316,9.857706034260703,107.461497535484
1.318,9.857706034255504,107.46148323573112
1.32,9.857706034250537,107.46149294911196
1.322,9.857706034245796,107.4614932401064
1.324,9.857706034241264,107.46150163547283
1.326,9.857706034236944,107.46149185631732
1.328,9.857706034232821,107.46148145502785
1.33,9.857706034228894,107.46148285274373
1.332,9.857706034225156,107.46148989278869
1.334,9.8577060342216,107.46147721448729
1.336,9.85770603421822,107.46147756101105
1.338,9.85770603421501,107.46149430222138
1.34,9.857706034211965,107.4614932855046
1.342,9.857706034209077,107.4615000852051
1.344,9.857706034206341,107.46149501514653
1.346,9.857706034203755,107.46147453245672
1.348,9.85770603420131,107.461471540204
1.35,9.857706034199008,107.4614893886173
1.352,9.857706034196834,107.46149356729033
1.354,9.857706034194791,107.46149447464771
1.356,9.857706034192871,107.4615033235462
1.358,9.857706034191072,107.46148529804813
1.36,9.857706034189388,107.46148841493653
1.362,9.857706034187817,107.46147893156514
1.364,9.857706034186357,107.461489907803
1.366,9.85770603418499,107.46148606536673
1.368,9.857706034183732,107.46149390041181
1.37,9.857706034182563,107.46148571129567
1.372,9.857706034181486,107.46149525615621
1.374,9.857706034180504,107.46148717579702
1.3760000000000001,9.857706034179607,107.46148756033756
1.3780000000000001,9.857706034178795,107.46149195388989
1.3800000000000001,9.857706034178063,107.46149547180582
1.3820000000000001,9.8577060341774,107.46149372851737
1.3840000000000001,9.857706034176818,107.46149712055073
1.3860000000000001,9.857706034176307,107.46149324316903
1.3880000000000001,9.857706034175859,107.46149320235163
1.3900000000000001,9.857706034175484,107.46149155509947
1.3920000000000001,9.857706034175175,107.4614840120197
1.3940000000000001,9.857706034174932,107.46149575013372
1.3960000000000001,9.857706034174736,107.46149977870401
1.3980000000000001,9.857706034174603,107.46148324544114
1.4000000000000001,9.85770603417453,107.4614873058263
1.4020000000000001,9.857706034174504,107.4614914485933
1.4040000000000001,9.857706034174525,107.46149091451097
1.4060000000000001,9.857706034174605,107.46149618798688
1.408,9.857706034174734,107.46150204886482
1.41,9.857706034174909,107.46148872509923
1.412,9.857706034175122,107.4614735957607
1.414,9.857706034175374,107.46150496527267
1.416,9.857706034175678,107.46150199441904
1.418,9.857706034176013,107.46148209150314
1.42,9.857706034176385,107.46149340629142
1.422,9.857706034176797,107.4614852662929
1.424,9.85770603417724,107.46149814202649
1.426,9.857706034177717,107.46148087493275
1.428,9.857706034178225,107.46148934709974
1.43,9.857706034178767,107.46147246117837
1.432,9.857706034179335,107.46148591516769
1.434,9.857706034179936,107.46150137113162
1.436,9.857706034180561,107.46149054886975
1.438,9.857706034181215,107.46148611883052
1.44,9.857706034181891,107.46149027470652
1.442,9.8577060341826,107.46148198130899
1.444,9.85770603418333,107.46149393984243
1.446,9.857706034184083,107.4614901095525
1.448,9.85770603418486,107.46149512914549
1.45,9.857706034185659,107.46147297139179
1.452,9.857706034186474,107.46149389184895
1.454,9.85770603418731,107.46148354733484
1.456,9.857706034188157,107.46148952340026
1.458,9.85770603418902,107.46148285295686
1.46,9.857706034189906,107.46149591534312
1.462,9.8577060341908,107.46148451866696
1.464,9.857706034191715,107.4614881613582
1.466,9.857706034192644,107.46149330054735
1.468,9.857706034193582,107.4615012241886
1.47,9.857706034194536,107.4614905260568
1.472,9.857706034195497,107.46149313494645
1.474,9.857706034196468,107.46147953755695
1.476,9.857706034197454,107.46148179700249
1.478,9.857706034198445,107.46149320506545
1.48,9.857706034199445,107.46149962565143
1.482,9.857706034200458,107.46149467725593
1.484,9.857706034201481,107.4614865533284
1.486,9.857706034202502,107.46147643126842
1.488,9.857706034203527,107.46148033605287
1.49,9.857706034204561,107.46149133518871
1.492,9.8577060342056,107.46148724217198
1.494,9.857706034206643,107.46149171091226
1.496,9.857706034207688,107.46149734913615
1.498,9.857706034208732,107.46148198809541
1.5,9.857706034209771,107.46148416359972
1.502,9.857706034210816,107.46149645830256
1.504,9.857706034211855,107.46148095664935
1.506,9.857706034212889,107.4614759858868
1.508,9.857706034213923,107.46148171611782
1.51,9.857706034214951,107.46149808900192
1.512,9.857706034215974,107.46150198399103
1.514,9.857706034216983,107.46149362394509
1.516,9.857706034217989,107.46148768664585
1.518,9.857706034218978,107.46149115891814
1.52,9.857706034219962,107.46148909186304
1.522,9.857706034220934,107.46146534720472
1.524,9.857706034221893,107.46150353399942
1.526,9.857706034222833,107.46148824234534
1.528,9.857706034223755,107.46148688385269
1.53,9.857706034224664,107.46149189332787
1.532,9.857706034225556,107.46148673406562
1.534,9.857706034226426,107.46150853823922
1.536,9.857706034227274,107.4614877542133
1.538,9.857706034228096,107.46149097523268
1.54,9.857706034228894,107.46148693670496
1.542,9.857706034229667,107.46148961631623
1.544,9.857706034230405,107.46148263375702
1.546,9.85770603423111,107.46148673612043
1.548,9.857706034231786,107.46149984513173
1.55,9.857706034232427,107.46149087648885
1.552,9.857706034233033,107.4614958123839
1.554,9.857706034233598,107.46148145101176
1.556,9.85770603423412,107.46149184377599
1.558,9.857706034234598,107.4614798721081
1.56,9.857706034235031,107.4614962436682
1.562,9.857706034235422,107.46149258127976
1.564,9.857706034235761,107.46149691019171
1.566,9.857706034236049,107.46148572975017
1.568,9.857706034236285,107.46149302343105
1.57,9.857706034236463,107.46148619695097
1.572,9.857706034236584,107.46149282966044
1.574,9.857706034236633,107.46148748905784
1.576,9.857706034236625,107.46148959444662
1.578,9.85770603423655,107.46148954539346
1.58,9.857706034236408,107.46149235378655
1.582,9.857706034236191,107.46148638765706
1.584,9.857706034235896,107.4614773059095
1.586,9.857706034235527,107.46149110113065
1.588,9.857706034235074,107.46149380468985
1.59,9.85770603423454,107.46149155197061
1.592,9.85770603423392,107.46148798676275
1.594,9.85770603423321,107.46148655206302
1.596,9.857706034232415,107.4614838632406
1.598,9.857706034231521,107.46149235013806
1.6,9.857706034230532,107.46149198828957
1.602,9.857706034229436,107.46149566641908
1.604,9.857706034228242,107.46149698352438
1.606,9.85770603422694,107.46148115315464
1.608,9.857706034225535,107.46150168819693
1.61,9.85770603422402,107.46147957173072
1.612,9.857706034222387,107.46148819454382
1.614,9.857706034220648,107.46149207847357
1.616,9.857706034218781,107.46148434776038
1.618,9.8577060342168,107.4614956666909
1.62,9.857706034214694,107.46148743626622
1.622,9.857706034212466,107.46149642545758
1.624,9.857706034210114,107.46148464686478
1.6260000000000001,9.857706034207638,107.46149531908969
1.6280000000000001,9.857706034205028,107.46149411998016
1.6300000000000001,9.857706034202282,107.46148138505453
1.6320000000000001,9.857706034199412,107.46147716990399
1.6340000000000001,9.857706034196404,107.46147365272579
1.6360000000000001,9.857706034193267,107.46149359382453
1.6380000000000001,9.857706034189999,107.4614898853296
1.6400000000000001,9.8577060341866,107.46148896127379
1.6420000000000001,9.857706034183064,107.46147595722329
1.6440000000000001,9.857706034179397,107.46149234214226
1.6460000000000001,9.8577060341756,107.46148084769362
1.6480000000000001,9.857706034171668,107.4614943885914
1.6500000000000001,9.857706034167611,107.46148533725048
1.6520000000000001,9.857706034163424,107.46149561672125
1.6540000000000001,9.857706034159117,107.46148452023047
1.6560000000000001,9.857706034154695,107.46149216038194
1.6580000000000001,9.857706034150148,107.46147617715415
1.6600000000000001,9.857706034145489,107.46149096805173
1.6620000000000001,9.85770603414072,107.46147856048104
1.6640000000000001,9.857706034135852,107.4614816845689
1.666,9.857706034130883,107.46149187196188
1.668,9.857706034125826,107.4614851959449
1.67,9.857706034120683,107.46149241650804
1.672,9.85770603411547,107.46148686664758
1.674,9.857706034110182,107.46147494441182
1.676,9.85770603410484,107.46148702890807
1.678,9.857706034099444,107.46148931353187
1.68,9.857706034094008,107.46149441155691
1.682,9.857706034088542,107.46148235761012
1.684,9.857706034083066,107.46148545173185
1.686,9.85770603407758,107.46147256650838
1.688,9.857706034072105,107.46148647556494
1.69,9.85770603406665,107.461496154625
1.692,9.857706034061234,107.4614891463446
1.694,9.857706034055873,107.46148813355785
1.696,9.85770603405058,107.46148426319637
1.698,9.85770603404537,107.4615021415351
1.7,9.857706034040262,107.46148627136392
1.702,9.857706034035274,107.46149032534133
1.704,9.857706034030425,107.46148131540468
1.706,9.857706034025737,107.46149245180268
1.708,9.857706034021227,107.46148332312654
1.71,9.857706034016907,107.46149040669182
1.712,9.857706034012807,107.46149262184849
1.714,9.857706034008945,107.46148737272787
1.716,9.857706034005345,107.46148645074966
1.718,9.857706034002018,107.46148823346488
1.72,9.857706033998992,107.46149177275683
1.722,9.85770603399629,107.46149958025306
1.724,9.857706033993928,107.4614823349183
1.726,9.857706033991924,107.461488209422
1.728,9.857706033990304,107.46150353328335
1.73,9.857706033989086,107.46148849378523
1.732,9.85770603398829,107.4614969502546
1.734,9.857706033987927,107.46148566647342
1.736,9.857706033988025,107.46148416456718
1.738,9.857706033988597,107.46148369950431
1.74,9.85770603398965,107.46149391717482
1.742,9.857706033991208,107.46149000046896
1.744,9.857706033993274,107.46149607384432
1.746,9.857706033995868,107.46148672373828
1.748,9.857706033998994,107.4614815429352
1.75,9.857706034002664,107.46148033951286
1.752,9.857706034006878,107.46148267975359
1.754,9.857706034011638,107.46148837043091
1.756,9.85770603401695,107.46150019794322
1.758,9.8577060340228,107.46148387140339
1.76,9.857706034029198,107.46149869456873
1.762,9.857706034036124,107.4614982880399
1.764,9.85770603404358,107.46148224361875
1.766,9.85770603405155,107.46149956349329
1.768,9.857706034060016,107.46149380737533
1.77,9.857706034068965,107.4614964412545
1.772,9.857706034078367,107.4614939441809
1.774,9.85770603408821,107.4614900730021
1.776,9.857706034098463,107.46148406679208
1.778,9.857706034109091,107.46148979337379
1.78,9.857706034120072,107.4614938261023
1.782,9.857706034131368,107.4614861215123
1.784,9.857706034142938,107.4615007469985
1.786,9.857706034154745,107.4614850648902
1.788,9.857706034166752,107.46148328771794
1.79,9.857706034178912,107.46149574644008
1.792,9.857706034191178,107.4614955159303
1.794,9.857706034203506,107.46149439480998
1.796,9.857706034215848,107.46148613223463
1.798,9.857706034228158,107.46148610548308
1.8,9.857706034240381,107.46147996121063
1.802,9.857706034252475,107.4614852251109
1.804,9.857706034264385,107.46149514158786
1.806,9.857706034276063,107.46148684407777
1.808,9.857706034287457,107.4614912980218
1.81,9.85770603429852,107.46150194562202
1.812,9.857706034309208,107.46149120050009
1.814,9.857706034319474,107.46148677426264
1.816,9.857706034329278,107.4614765173302
1.818,9.857706034338573,107.46149166094757
1.82,9.857706034347327,107.46148423919958
1.822,9.857706034355497,107.4614995293422
1.824,9.857706034363058,107.4614960427451
1.826,9.857706034369977,107.46148530635529
1.828,9.857706034376228,107.46149140464115
1.83,9.857706034381794,107.46147963770021
1.832,9.857706034386648,107.46149516181339
1.834,9.857706034390786,107.46148896491556
1.836,9.857706034394193,107.46149365094067
1.838,9.857706034396863,107.46148773328954
1.84,9.857706034398799,107.46149112378004
1.842,9.857706034400005,107.46148736592946
1.844,9.857706034400486,107.46148946525935
1.846,9.857706034400254,107.46147965105874
1.848,9.857706034399326,107.46149437593553
1.85,9.857706034397722,107.46148854669134
1.852,9.857706034395463,107.46148143281152
1.854,9.857706034392578,107.46150705192437
1.856,9.8577060343891,107.46148236632325
1.858,9.857706034385057,107.46148581436526
1.86,9.857706034380495,107.46149774069359
1.862,9.857706034375447,107.46149993719659
1.864,9.857706034369958,107.461479512421
1.866,9.857706034364071,107.46149872341863
1.868,9.857706034357829,107.46149364923838
1.87,9.857706034351285,107.46148853220637
1.872,9.857706034344485,107.46147745068025
1.874,9.857706034337475,107.46149210645893
1.8760000000000001,9.85770603433031,107.46149794213147
1.8780000000000001,9.857706034323037,107.46149625202494
1.8800000000000001,9.857706034315704,107.46149559709613
1.8820000000000001,9.857706034308361,107.46149810362397
1.8840000000000001,9.857706034301058,107.46148758814843
1.8860000000000001,9.857706034293841,107.46149554269203
1.8880000000000001,9.857706034286752,107.46148970636222
1.8900000000000001,9.85770603427984,107.46148450846096
1.8920000000000001,9.857706034273145,107.46149231383397
1.8940000000000001,9.857706034266705,107.46148338099275
1.8960000000000001,9.857706034260568,107.461488164029
1.8980000000000001,9.857706034254758,107.46149337679265
1.9000000000000001,9.857706034249313,107.46149082017814
1.9020000000000001,9.857706034244265,107.46148569278046
1.9040000000000001,9.85770603423964,107.46148943423013
1.9060000000000001,9.857706034235463,107.46149194669361
1.9080000000000001,9.85770603423176,107.46149115937338
1.9100000000000001,9.857706034228546,107.46148044649223
1.9120000000000001,9.857706034225842,107.46150026760243
1.9140000000000001,9.857706034223654,107.46148844374817
1.9160000000000001,9.857706034222002,107.46149955415164
1.9180000000000001,9.857706034220879,107.46148634137936
1.92,9.8577060342203,107.46149933014865
1.922,9.857706034220264,107.46148748615362
1.924,9.857706034220772,107.46148849918104
1.926,9.857706034221819,107.46148775793802
1.928,9.857706034223396,107.46148395188834
1.93,9.857706034225496,107.4614878164429
1.932,9.857706034228105,107.461494256122
1.934,9.85770603423121,107.46149490405088
1.936,9.85770603423479,107.46148494466945
1.938,9.85770603423883,107.46147788036343
1.94,9.857706034243302,107.46150945889985
1.942,9.857706034248185,107.46148607998535
1.944,9.857706034253457,107.4614835772773
1.946,9.857706034259087,107.46148975014968
1.948,9.857706034265043,107.46148144420684
1.95,9.857706034271295,107.4614960897555
1.952,9.857706034277811,107.46148141767918
1.954,9.857706034284558,107.46147288124644
1.956,9.857706034291493,107.46148246511088
1.958,9.857706034298577,107.46148678992913
1.96,9.857706034305776,107.46147774908886
1.962,9.857706034313047,107.46147756365195
1.964,9.857706034320351,107.46149556933437
1.966,9.857706034327636,107.4614956323041
1.968,9.857706034334859,107.46150151840435
1.97,9.857706034341978,107.46148523185369
1.972,9.857706034348931,107.4614752385982
1.974,9.857706034355688,107.46148185503478
1.976,9.857706034362188,107.46149172102514
1.978,9.85770603436838,107.46149695979733
1.98,9.857706034374216,107.46148906360506
1.982,9.857706034379639,107.4614890317953
1.984,9.857706034384597,107.46150145328448
1.986,9.857706034389029,107.46148712133768
1.988,9.85770603439289,107.4614929107467
1.99,9.857706034396108,107.46151020797458
1.992,9.857706034398635,107.46147432446352
1.994,9.857706034400408,107.46149905444445
1.996,9.857706034401366,107.46147921372949
1.998,9.857706034401456,107.46148040613386
2.0,9.857706034400602,107.46148264323139
2.0020000000000002,9.857706034398758,107.46150382845207
2.004,9.857706034395848,107.461490648758
2.0060000000000002,9.85770603439182,107.46149711034383
2.008,9.857706034386608,107.46150923943881
2.0100000000000002,9.857706034380142,107.46149253607365
2.012,9.857706034372372,107.46149124032695
2.0140000000000002,9.857706034363218,107.46148706006628
2.016,9.857706034352631,107.4614940571578
2.0180000000000002,9.857706034340545,107.46149026765414
2.02,9.857706034326899,107.46149326234348
2.0220000000000002,9.857706034311628,107.46149794848105
2.024,9.85770603429468,107.46150205802351
2.0260000000000002,9.857706034276,107.46150226626148
2.028,9.857706034255528,107.46149978692385
2.0300000000000002,9.857706034233214,107.46147979301674
2.032,9.85770603420901,107.46148529362527
2.0340000000000003,9.857706034182865,107.46148526537986
2.036,9.857706034154747,107.46148783383025
2.0380000000000003,9.857706034124611,107.46149161315826
2.04,9.85770603409243,107.46149220753405
2.0420000000000003,9.857706034058182,107.46149383824576
2.044,9.857706034021847,107.46148118588322
2.0460000000000003,9.857706033983417,107.46149253555606
2.048,9.857706033942884,107.46149567471767
2.05,9.85770603390026,107.46149230991762
2.052,9.857706033855562,107.46148924116011
2.054,9.857706033808821,107.46149920075197
2.056,9.857706033760072,107.46148801071953
2.058,9.857706033709386,107.46149306108502
2.06,9.857706033656822,107.46150612632856
2.062,9.857706033602472,107.46148742164314
2.064,9.857706033546439,107.46149481127819
2.066,9.85770603348884,107.4614914814343
2.068,9.857706033429833,107.46147863933662
2.07,9.85770603336957,107.46148458239423
2.072,9.857706033308245,107.46149812258881
2.074,9.857706033246071,107.46149759708894
2.076,9.857706033183284,107.46149154617815
2.078,9.857706033120149,107.46149542104945
2.08,9.857706033056955,107.46149502988816
2.082,9.857706032994024,107.46148312777743
2.084,9.857706032931706,107.46148988088065
2.086,9.857706032870388,107.46149322678374
2.088,9.857706032810478,107.4614867284023
2.09,9.857706032752438,107.46149739601087
2.092,9.857706032696735,107.46149131382572
2.094,9.857706032643883,107.46149946051263
2.096,9.857706032594434,107.46148810739881
2.098,9.857706032548965,107.46148973346118
2.1,9.85770603250809,107.46149671239813
2.102,9.857706032472453,107.46148980138787
2.104,9.857706032442731,107.46149749398073
2.106,9.857706032419618,107.46148975899129
2.108,9.857706032403843,107.4614902444831
2.11,9.85770603239615,107.46148259011788
2.112,9.857706032397322,107.46148760442115
2.114,9.857706032408124,107.46149010189511
2.116,9.857706032429371,107.46150290233852
2.118,9.857706032461863,107.46148490737846
2.12,9.857706032506394,107.46149364156815
2.122,9.857706032563776,107.46149925064586
2.124,9.85770603263479,107.46147970759858
2.126,9.85770603272022,107.46149222379869
2.128,9.857706032820799,107.46149156308614
2.13,9.857706032937251,107.46148648845167
2.132,9.857706033070253,107.46149330944407
2.134,9.85770603322043,107.46149362643455
2.136,9.857706033388345,107.46149078026383
2.138,9.857706033574512,107.46148627207666
2.14,9.857706033779358,107.4614908582293
2.142,9.857706034003238,107.4614822251427
2.144,9.857706034246412,107.46149477470715
2.146,9.857706034509043,107.46148920363478
2.148,9.8577060347912,107.46147737491708
2.15,9.857706035092832,107.46148486856197
2.152,9.857706035413761,107.46149445441183
2.154,9.857706035753727,107.46149556199452
2.156,9.85770603611232,107.46148252547272
2.158,9.857706036488997,107.46148907187498
2.16,9.857706036883126,107.46147716948174
2.162,9.857706037293912,107.46148354683214
2.164,9.85770603772047,107.46148771964243
2.166,9.85770603816178,107.46148763299756
2.168,9.857706038616712,107.46149059974042
2.17,9.857706039084029,107.46149230339213
2.172,9.857706039562409,107.46149243502344
2.174,9.857706040050445,107.4614940100557
2.176,9.857706040546645,107.46148311646643
2.178,9.857706041049447,107.46149018616308
2.18,9.857706041557284,107.46149771296956
2.182,9.857706042068507,107.46148785563177
2.184,9.857706042581501,107.46148291500425
2.186,9.857706043094622,107.46148957370788
2.188,9.857706043606264,107.46149255552618
2.19,9.857706044114845,107.4614924834163
2.192,9.857706044618844,107.46149369503921
2.194,9.857706045116815,107.46148710472045
2.196,9.857706045607419,107.46148541394817
2.198,9.85770604608939,107.46148671753434
2.2,9.857706046561619,107.46148700462518
2.202,9.857706047023106,107.46148533140882
2.204,9.857706047473012,107.4614943125585
2.206,9.857706047910657,107.46148631177809
2.208,9.857706048335533,107.4614896001842
2.21,9.857706048747291,107.46148874077873
2.212,9.85770604914579,107.46148994708557
2.214,9.85770604953106,107.46149506801834
2.216,9.857706049903332,107.46148531164894
2.218,9.857706050262996,107.46148194215256
2.22,9.857706050610647,107.46148357801606
2.222,9.857706050947078,107.46149387762104
2.224,9.857706051273254,107.46149433883548
2.226,9.857706051590306,107.4614943232438
2.228,9.857706051899534,107.46148544388356
2.23,9.857706052202417,107.46149155856139
2.232,9.85770605250054,107.46150142258907
2.234,9.85770605279568,107.46149766504648
2.236,9.857706053089732,107.46148637143327
2.238,9.857706053384703,107.46149296977221
2.24,9.857706053682715,107.46148405692793
2.242,9.857706053986014,107.4614864009359
2.244,9.857706054296955,107.46148646903859
2.246,9.857706054617951,107.46149307082567
2.248,9.857706054951542,107.46149336882849
2.25,9.857706055300344,107.46148661944115
2.2520000000000002,9.857706055667052,107.4614925237986
2.254,9.857706056054454,107.46149339504744
2.2560000000000002,9.857706056465403,107.46148655955983
2.258,9.857706056902877,107.46149092644511
2.2600000000000002,9.85770605736993,107.4614904746466
2.262,9.857706057869738,107.46149096144548
2.2640000000000002,9.857706058405588,107.46148448115312
2.266,9.857706058980884,107.46148761427986
2.2680000000000002,9.857706059599213,107.46148665742459
2.27,9.8577060602643,107.46149266635206
2.2720000000000002,9.857706060980096,107.46149194685353
2.274,9.857706061750736,107.46149140339672
2.2760000000000002,9.857706062580618,107.46149884849072
2.278,9.857706063474446,107.46149397250002
2.2800000000000002,9.857706064437195,107.46148931353622
2.282,9.857706065474229,107.46148780298493
2.2840000000000003,9.85770606659128,107.46148635223469
2.286,9.857706067794554,107.46149534841089
2.2880000000000003,9.857706069090709,107.46148236930047
2.29,9.857706070486952,107.46148777568251
2.2920000000000003,9.857706071991089,107.46148799451208
2.294,9.857706073611537,107.46149187666958
2.2960000000000003,9.857706075357404,107.46148130094943
2.298,9.857706077238511,107.46149343803447
2.3000000000000003,9.857706079265435,107.46148591935102
2.302,9.857706081449546,107.46149194995049
2.3040000000000003,9.85770608380298,107.46148613785078
2.306,9.857706086338638,107.46148001504667
2.308,9.857706089070128,107.4614909508173
2.31,9.857706092011627,107.46149293438069
2.312,9.857706095177722,107.46148664174828
2.314,9.85770609858314,107.46148926031242
2.316,9.857706102242279,107.46148423591995
2.318,9.857706106168688,107.4614983103386
2.32,9.857706110374178,107.46149480397453
2.322,9.857706114867717,107.46148855232408
2.324,9.857706119653862,107.46148644451212
2.326,9.857706124730619,107.46149020153612
2.328,9.857706130086619,107.46149642524385
2.33,9.857706135697331,107.46148745328443
2.332,9.857706141520001,107.46148734315398
2.334,9.857706147487,107.46149756255453
2.336,9.857706153497066,107.46148533176398
2.338,9.857706159403989,107.46148970910784
2.34,9.857706165001854,107.46148933530185
2.342,9.857706170006246,107.4614897604778
2.344,9.857706174030476,107.46149038999262
2.346,9.857706176556103,107.4614847938672
2.348,9.857706176897143,107.461484621119
2.35,9.857706174158338,107.46149336814076
2.352,9.857706167188887,107.46149479255324
2.354,9.857706154536057,107.46149427962997
2.356,9.857706134407568,107.46149197863964
2.358,9.857706104659854,107.4614930871217
2.36,9.857706062840869,107.46148502949475
2.362,9.857706006335729,107.46149794827761
2.364,9.857705932688173,107.46149008026143
2.366,9.857705840202438,107.46149364536336
2.368,9.857705728960067,107.46149127706639
2.37,9.857705602393679,107.46149195822191
2.372,9.857705469504829,107.46149749431974
2.374,9.857705347622943,107.46149126955196
2.376,9.85770526517788,107.46148644601399
2.378,9.857705263227494,107.46149174608308
2.38,9.857705393514916,107.46149907482828
2.382,9.857705710098482,107.46149198201809
2.384,9.85770625217242,107.4614924698777
2.386,9.857707019056438,107.46149062339828
2.388,9.857707945077461,107.46148642110965
2.39,9.857708889566108,107.46148603491713
2.392,9.85770965836976,107.46148889882649
2.394,9.857710060757263,107.46149262825774
2.396,9.857709981654505,107.46149525179902
2.398,9.857709431170505,107.46149294981545
2.4,9.857708541099598,107.46148630143578
2.402,9.857707510320392,107.46148865583913
2.404,9.85770653178782,107.46147873639423
2.406,9.857705738586333,107.4614864648408
2.408,9.857705186662102,107.4614918767314
2.41,9.857704868136093,107.46149142898564
2.412,9.857704737941994,107.46148969106854
2.414,9.857704738877821,107.4614899108733
2.416,9.85770481808403,107.4614945247172
2.418,9.857704934576343,107.46148886118094
2.42,9.85770506052529,107.46148961898105
2.422,9.857705179314785,107.46148983515464
2.424,9.857705282563007,107.46147891366674
2.426,9.857705367291963,107.4614988970295
2.428,9.857705433709793,107.46148305359395
2.43,9.857705483667296,107.46149001392143
2.432,9.857705519678376,107.46148705578985
2.434,9.857705544351461,107.46148810006468
2.436,9.857705560093962,107.4614867180866
2.438,9.857705568985171,107.46149316250232
2.44,9.857705572745534,107.46148624913312
2.442,9.85770557275604,107.46149205588995
2.444,9.857705570100062,107.46150024234302
2.446,9.857705565611905,107.46148874897219
2.448,9.857705559923787,107.46149364699255
2.45,9.857705553507632,107.46148879057458
2.452,9.857705546710346,107.46149859833265
2.454,9.857705539782632,107.46149810114123
2.456,9.857705532902003,107.46149397530549
2.458,9.857705526190887,107.46149824743857
2.46,9.857705519730626,107.46149667115579
2.462,9.857705513572256,107.4614980310824
2.464,9.857705507744708,107.4614882974433
2.466,9.85770550226102,107.4614850902829
2.468,9.857705497122982,107.4614869781379
2.47,9.857705492324612,107.46148789796068
2.472,9.857705487854727,107.46148376552794
2.474,9.85770548369884,107.46149120091233
2.476,9.857705479840519,107.4614936430969
2.478,9.857705476262371,107.4614877610066
2.48,9.857705472946792,107.46149169719925
2.482,9.857705469876384,107.46149547606029
2.484,9.8577054670343,107.46149436043622
2.486,9.857705464404468,107.46148107248584
2.488,9.85770546197168,107.46148830336654
2.49,9.8577054597217,107.461486753633
2.492,9.857705457641236,107.46148875716864
2.494,9.857705455717952,107.46150096212875
2.496,9.857705453940397,107.46148116624558
2.498,9.857705452298,107.46148766994254
2.5,9.857705450781005,107.46149321749674
2.5020000000000002,9.857705449380378,107.46149807807828
2.504,9.857705448087772,107.46148659706002
2.5060000000000002,9.85770544689547,107.461497410262
2.508,9.857705445796284,107.46149272258772
2.5100000000000002,9.857705444783559,107.46148758474841
2.512,9.857705443851042,107.46149754879855
2.5140000000000002,9.857705442992907,107.4614947016865
2.516,9.857705442203688,107.46149471617048
2.5180000000000002,9.857705441478181,107.46149110046737
2.52,9.857705440811486,107.46148544855673
2.5220000000000002,9.85770544019891,107.46148955368757
2.524,9.85770543963594,107.4614937404757
2.5260000000000002,9.857705439118295,107.46148679365712
2.528,9.857705438641828,107.46149581096573
2.5300000000000002,9.857705438202514,107.46147928775083
2.532,9.857705437796447,107.46149627714648
2.5340000000000003,9.857705437419828,107.4614798233817
2.536,9.85770543706899,107.46148899321085
2.5380000000000003,9.857705436740371,107.46148822374617
2.54,9.857705436430432,107.4614853858696
2.5420000000000003,9.857705436135827,107.46149177677921
2.544,9.85770543585327,107.46149114556896
2.5460000000000003,9.857705435579563,107.46148520275318
2.548,9.857705435311647,107.46148991278895
2.5500000000000003,9.85770543504663,107.46149212669256
2.552,9.857705434781685,107.46149339299927
2.5540000000000003,9.857705434514141,107.46149051822545
2.556,9.857705434241566,107.46149448638084
2.5580000000000003,9.857705433961595,107.46149260298536
2.56,9.857705433672136,107.46148352872594
2.562,9.857705433371235,107.46149428835
2.564,9.857705433057179,107.46148277906173
2.566,9.857705432728498,107.46148999315835
2.568,9.85770543238389,107.46148747579002
2.57,9.85770543202235,107.46149092217271
2.572,9.857705431643044,107.46148286116613
2.574,9.857705431245428,107.46149975907716
2.576,9.857705430829217,107.46149035893382
2.578,9.857705430394358,107.46148834718244
2.58,9.857705429940973,107.46149641887816
2.582,9.857705429469535,107.46149569829106
2.584,9.857705428980635,107.461489397012
2.586,9.85770542847515,107.46148376589308
2.588,9.85770542795411,107.4614891297314
2.59,9.857705427418763,107.46148543643382
2.592,9.857705426870474,107.46149064112312
2.594,9.857705426310812,107.46149210139995
2.596,9.857705425741447,107.46148383262451
2.598,9.857705425164175,107.4614921563594
2.6,9.857705424580864,107.46149058797391
2.602,9.85770542399343,107.46148675606946
2.604,9.857705423403846,107.46148426535184
2.606,9.857705422814126,107.4614923307585
2.608,9.857705422226214,107.46149439345544
2.61,9.857705421642095,107.46149253409853
2.612,9.857705421063681,107.4614865118007
2.614,9.857705420492834,107.46148780755873
2.616,9.85770541993135,107.46149621971752
2.618,9.857705419380906,107.46148867914071
2.62,9.85770541884308,107.46149184220677
2.622,9.857705418319357,107.4614933963823
2.624,9.857705417811093,107.46149797278554
2.626,9.85770541731948,107.46149366294934
2.628,9.857705416845594,107.46148901504922
2.63,9.857705416390345,107.46149410674288
2.632,9.857705415954545,107.46149939369113
2.634,9.85770541553886,107.46149377441382
2.636,9.857705415143766,107.46148641013286
2.638,9.857705414769647,107.46148397755654
2.64,9.857705414416749,107.46149897766679
2.642,9.857705414085164,107.4614883811505
2.644,9.85770541377491,107.46148581904744
2.646,9.857705413485842,107.46149022868732
2.648,9.857705413217731,107.46149308581946
2.65,9.857705412970274,107.46149623753865
2.652,9.857705412743051,107.46149092639101
2.654,9.857705412535585,107.46148888338938
2.656,9.857705412347329,107.46148888228034
2.658,9.85770541217765,107.46150084326578
2.66,9.857705412025894,107.46149080059479
2.662,9.857705411891379,107.46148617883784
2.664,9.857705411773338,107.46148464064449
2.666,9.857705411671034,107.46148986004312
2.668,9.857705411583684,107.46149220547636
2.67,9.857705411510485,107.46148509228121
2.672,9.857705411450624,107.46148613316657
2.674,9.857705411403334,107.46148856383216
2.676,9.857705411367833,107.4614937561875
2.678,9.857705411343325,107.46148536173843
2.68,9.857705411329047,107.46148751035932
2.682,9.857705411324288,107.46148768659666
2.684,9.857705411328306,107.46149239875913
2.686,9.857705411340401,107.4614922834132
2.688,9.857705411359921,107.46148791625578
2.69,9.857705411386213,107.46148994743149
2.692,9.85770541141867,107.46148455088307
2.694,9.857705411456719,107.46148834476358
2.696,9.857705411499806,107.46149192715471
2.698,9.857705411547418,107.46149265727267
2.7,9.857705411599046,107.46148254717339
2.702,9.857705411654258,107.46149116513467
2.704,9.857705411712615,107.4614896134589
2.706,9.857705411773717,107.46149123076894
2.708,9.857705411837216,107.46150132304585
2.71,9.857705411902765,107.46149049196245
2.712,9.857705411970038,107.46148864459974
2.714,9.85770541203877,107.46149207833118
2.716,9.857705412108693,107.46149541582692
2.718,9.857705412179563,107.46148347825208
2.72,9.857705412251153,107.46148817039912
2.722,9.85770541232329,107.46149933510765
2.724,9.85770541239578,107.4614906705526
2.726,9.857705412468487,107.46148511660324
2.728,9.85770541254124,107.46148981024372
2.73,9.857705412613935,107.46149280387138
2.732,9.85770541268645,107.4614987248138
2.734,9.857705412758701,107.4614882653531
2.736,9.857705412830605,107.46148886473674
2.738,9.857705412902067,107.46148595727732
2.74,9.857705412973045,107.46149899273645
2.742,9.857705413043483,107.46149305956841
2.744,9.85770541311334,107.46148627032206
2.746,9.857705413182572,107.46149197323594
2.748,9.857705413251136,107.46148862545408
2.75,9.857705413319032,107.46148114685437
2.7520000000000002,9.857705413386235,107.46148749537882
2.754,9.857705413452734,107.46149474853836
2.7560000000000002,9.857705413518511,107.46149281667854
2.758,9.857705413583558,107.4614913892921
2.7600000000000002,9.857705413647885,107.46148868225245
2.762,9.857705413711496,107.46148619986302
2.7640000000000002,9.857705413774381,107.4614964140891
2.766,9.857705413836536,107.46149034578926
2.7680000000000002,9.857705413897975,107.46149211690427
2.77,9.857705413958712,107.46149102233771
2.7720000000000002,9.857705414018753,107.46148548290267
2.774,9.857705414078092,107.46149525259956
2.7760000000000002,9.857705414136747,107.46149598682408
2.778,9.85770541419473,107.46149831482842
2.7800000000000002,9.857705414252043,107.46148908722441
2.782,9.857705414308692,107.46148796092112
2.7840000000000003,9.857705414364696,107.4614930180162
2.786,9.857705414420048,107.46149202315614
2.7880000000000003,9.857705414474756,107.46148362486056
2.79,9.857705414528837,107.46149395211528
2.7920000000000003,9.857705414582284,107.46149258303404
2.794,9.857705414635108,107.46148206755892
2.7960000000000003,9.85770541468732,107.46149019106554
2.798,9.857705414738902,107.46148946111785
2.8000000000000003,9.857705414789883,107.46149808981633
2.802,9.857705414840249,107.46149977327559
2.8040000000000003,9.857705414889999,107.46148937611778
2.806,9.857705414939142,107.46149425383815
2.8080000000000003,9.857705414987674,107.46150022269816
2.81,9.857705415035591,107.46149023383113
2.8120000000000003,9.85770541508289,107.4614950416897
2.814,9.857705415129583,107.46148644903558
2.816,9.857705415175653,107.46149252174371
2.818,9.857705415221098,107.4614976916589
2.82,9.857705415265919,107.46148432005538
2.822,9.85770541531011,107.46149084957192
2.824,9.857705415353669,107.46149014690594
2.826,9.857705415396582,107.4614839145631
2.828,9.857705415438867,107.46148770970731
2.83,9.857705415480492,107.46149565578244
2.832,9.857705415521476,107.46148496145045
2.834,9.8577054155618,107.46149626361347
2.836,9.857705415601465,107.46148875776223
2.838,9.857705415640467,107.46148445407908
2.84,9.857705415678812,107.4614875106285
2.842,9.857705415716483,107.46149090693072
2.844,9.857705415753472,107.4614902134372
2.846,9.857705415789793,107.46148744425423
2.848,9.85770541582543,107.46148738810948
2.85,9.857705415860394,107.46149840825773
2.852,9.857705415894683,107.46149018791664
2.854,9.857705415928274,107.46149145940849
2.856,9.85770541596119,107.46148964895585
2.858,9.857705415993419,107.46149131860707
2.86,9.85770541602496,107.46149561497101
2.862,9.857705416055815,107.46149217896894
2.864,9.857705416085992,107.46149701496024
2.866,9.857705416115486,107.46149291487464
2.868,9.857705416144317,107.46148993435571
2.87,9.85770541617245,107.46149576641756
2.872,9.85770541619992,107.4614914615354
2.874,9.857705416226725,107.46148703940302
2.876,9.857705416252863,107.46149559782945
2.878,9.857705416278332,107.4614899995047
2.88,9.857705416303151,107.46149123956208
2.882,9.857705416327327,107.46150110056954
2.884,9.857705416350846,107.46149189114706
2.886,9.857705416373735,107.46149399470174
2.888,9.857705416395993,107.4614864037352
2.89,9.857705416417629,107.46148878206037
2.892,9.857705416438645,107.46149181828856
2.894,9.857705416459055,107.46149885893608
2.896,9.857705416478868,107.46149361451276
2.898,9.857705416498089,107.46148934730317
2.9,9.857705416516728,107.4614985022312
2.902,9.857705416534792,107.46148782716507
2.904,9.857705416552296,107.4614930505376
2.906,9.857705416569244,107.46148505360854
2.908,9.85770541658565,107.4614907786243
2.91,9.85770541660153,107.46149193986248
2.912,9.857705416616879,107.46149524199382
2.914,9.857705416631722,107.46149046258066
2.916,9.857705416646056,107.46148857633167
2.918,9.857705416659897,107.46148586422058
2.92,9.857705416673253,107.46148980816534
2.922,9.857705416686137,107.461487103134
2.924,9.857705416698563,107.46149714929038
2.926,9.857705416710537,107.46150078829778
2.928,9.85770541672207,107.46148881902876
2.93,9.857705416733179,107.46148219153241
2.932,9.857705416743862,107.46150916141482
2.934,9.857705416754131,107.46150763280924
2.936,9.857705416764013,107.46149473126042
2.938,9.857705416773506,107.46149643627088
2.94,9.857705416782611,107.46148747961963
2.942,9.857705416791356,107.46148923379022
2.944,9.857705416799744,107.46148135679238
2.946,9.857705416807782,107.46149859349629
2.948,9.85770541681548,107.46147997805289
2.95,9.85770541682286,107.46148520005673
2.952,9.85770541682991,107.46149209419912
2.954,9.85770541683666,107.46149308221828
2.956,9.857705416843109,107.46149183927128
2.958,9.85770541684927,107.4615035581042
2.96,9.85770541685514,107.4614901165628
2.962,9.857705416860744,107.46149688019747
2.964,9.857705416866075,107.4614850167735
2.966,9.857705416871159,107.46148594968574
2.968,9.857705416875994,107.46149890259179
2.97,9.857705416880586,107.46149773679961
2.972,9.85770541688495,107.46150674973569
2.974,9.857705416889086,107.46148594340266
2.976,9.85770541689301,107.46147932124501
2.978,9.857705416896724,107.46148736633396
2.98,9.857705416900242,107.46149503320214
2.982,9.857705416903558,107.46151048501602
2.984,9.85770541690669,107.46150061428101
2.986,9.857705416909635,107.46148520217383
2.988,9.85770541691241,107.4614970637555
2.99,9.857705416915024,107.46150389186641
2.992,9.857705416917467,107.46150021292686
2.994,9.857705416919764,107.46149515074416
2.996,9.857705416921906,107.46148637018217
2.998,9.857705416923908,107.46150771512444
3.0,9.857705416925771,107.46149105667233
3.0020000000000002,9.857705416927503,107.46147878634994
3.004,9.857705416929106,107.46148520495653
3.0060000000000002,9.857705416930589,107.46149162877728
3.008,9.857705416931958,107.46148034290255
3.0100000000000002,9.85770541693321,107.46148258213645
3.012,9.857705416934365,107.4614852721853
3.0140000000000002,9.857705416935412,107.46149249373127
3.016,9.857705416936358,107.46150828238439
3.0180000000000002,9.857705416937208,107.46148772126142
3.02,9.857705416937971,107.46149304315814
3.0220000000000002,9.857705416938654,107.46149601586522
3.024,9.857705416939258,107.46149310060245
3.0260000000000002,9.85770541693978,107.46148701589088
3.028,9.857705416940233,107.46149288493847
3.0300000000000002,9.857705416940608,107.46150054587105
3.032,9.857705416940918,107.46149094904969
3.0340000000000003,9.857705416941181,107.46147304044572
3.036,9.857705416941375,107.46148277984491
3.0380000000000003,9.857705416941512,107.46148098609959
3.04,9.8577054169416,107.46148539729045
3.0420000000000003,9.857705416941638,107.4614819858043
3.044,9.857705416941622,107.46148275113431
3.0460000000000003,9.857705416941565,107.46149882854694
3.048,9.857705416941473,107.46149423433582
3.0500000000000003,9.857705416941334,107.46147447228904
3.052,9.857705416941169,107.4614908782566
3.0540000000000003,9.857705416940968,107.46149112869027
3.056,9.857705416940732,107.46149536471125
3.0580000000000003,9.857705416940474,107.46148475624575
3.06,9.857705416940187,107.4614933469878
3.0620000000000003,9.857705416939872,107.46150157628955
3.064,9.857705416939542,107.46149332837766
3.0660000000000003,9.857705416939192,107.46150344552282
3.068,9.857705416938817,107.4614815635642
3.0700000000000003,9.857705416938426,107.46149872987559
3.072,9.85770541693803,107.46147712845053
3.074,9.857705416937613,107.4614953538456
3.076,9.857705416937181,107.46146868560764
3.078,9.857705416936753,107.46148134462922
3.08,9.857705416936309,107.46151075809843
3.082,9.857705416935863,107.461511057895
3.084,9.857705416935405,107.4615027999541
3.086,9.857705416934953,107.46147891432483
3.088,9.857705416934493,107.46146584021685
3.09,9.857705416934031,107.4615055723063
3.092,9.857705416933575,107.46147135485874
3.094,9.857705416933124,107.46148217846961
3.096,9.857705416932665,107.46149454488578
3.098,9.857705416932221,107.46147584591398
3.1,9.857705416931779,107.46146143469011
3.102,9.857705416931344,107.46150228437997
3.104,9.857705416930912,107.46148154102713
3.106,9.857705416930495,107.4614622036357
3.108,9.85770541693008,107.4614583782465
3.11,9.857705416929686,107.4614997609721
3.112,9.857705416929294,107.4614483119764
3.114,9.857705416928907,107.46147298180773
3.116,9.857705416928543,107.46148230905752
3.118,9.857705416928182,107.46149142056018
3.12,9.857705416927843,107.46148546516199
3.122,9.857705416927512,107.46149209530074
3.124,9.857705416927201,107.46149078415928
3.126,9.8577054169269,107.46148430596976
3.128,9.857705416926615,107.46148856942034
3.13,9.857705416926342,107.4614801808352
3.132,9.857705416926082,107.46146845796945
3.134,9.857705416925842,107.46150133817021
3.136,9.857705416925624,107.46152218418308
3.138,9.85770541692541,107.46147260503307
3.14,9.857705416925217,107.46148273654684
3.142,9.857705416925047,107.46144877514689
3.144,9.857705416924887,107.4614870424664
3.146,9.857705416924757,107.46145591214781
3.148,9.85770541692463,107.46149332473652
3.15,9.857705416924519,107.46148254738904
3.152,9.857705416924427,107.46145869095515
3.154,9.857705416924352,107.46149516015657
3.156,9.857705416924306,107.4615390792435
3.158,9.85770541692427,107.46150600699191
3.16,9.857705416924254,107.46149471614544
3.162,9.857705416924261,107.46150891310255
3.164,9.85770541692428,107.46150701613276
3.166,9.857705416924313,107.4614748344631
3.168,9.857705416924363,107.46149038440286
3.17,9.857705416924441,107.46148514269504
3.172,9.857705416924526,107.46151966081536
3.174,9.857705416924631,107.46151591100954
3.176,9.857705416924759,107.46150035012032
3.178,9.857705416924894,107.461500569361
3.18,9.857705416925043,107.4615072992724
3.182,9.85770541692521,107.46147002472054
3.184,9.857705416925397,107.46148006731019
3.186,9.857705416925599,107.4615135403004
3.188,9.857705416925812,107.46145240611794
3.19,9.857705416926049,107.46148793202337
3.192,9.857705416926288,107.46145976031158
3.194,9.857705416926546,107.46150536076594
3.196,9.857705416926823,107.4615289116031
3.198,9.857705416927114,107.46144411767898
3.2,9.857705416927411,107.46150316573737
3.202,9.857705416927727,107.461471167278
3.204,9.857705416928056,107.46146690689054
3.206,9.8577054169284,107.46150661144523
3.208,9.857705416928749,107.46149955444116
3.21,9.857705416929113,107.46145781589877
3.212,9.857705416929484,107.46151513581997
3.214,9.857705416929866,107.46150831524977
3.216,9.857705416930274,107.4614725882582
3.218,9.857705416930681,107.46144595922925
3.22,9.857705416931104,107.46153899518643
3.222,9.857705416931529,107.46145322496818
3.224,9.857705416931966,107.46147930139176
3.226,9.857705416932406,107.46142973258593
3.228,9.857705416932866,107.46147664848067
3.23,9.857705416933324,107.46149639587755
3.232,9.857705416933802,107.46148700104787
3.234,9.857705416934285,107.46146176635878
3.236,9.857705416934767,107.46145212555658
3.238,9.857705416935268,107.46149098495106
3.24,9.857705416935769,107.46150252726336
3.242,9.85770541693629,107.46143110828221
3.244,9.8577054169368,107.46145168777704
3.246,9.85770541693733,107.46156003767695
3.248,9.857705416937852,107.46150261892824
3.25,9.857705416938394,107.46148212268074
3.2520000000000002,9.857705416938932,107.4614922985082
3.254,9.857705416939478,107.46147830043492
3.2560000000000002,9.857705416940036,107.46148246791685
3.258,9.857705416940584,107.46143717084004
3.2600000000000002,9.857705416941155,107.46150673854282
3.262,9.857705416941714,107.46148219193765
3.2640000000000002,9.857705416942288,107.46145322157818
3.266,9.857705416942855,107.46146860397735
3.2680000000000002,9.85770541694343,107.46152392527632
3.27,9.857705416944002,107.46148631374577
3.2720000000000002,9.857705416944588,107.46151067117995
3.274,9.857705416945176,107.46144252015011
3.2760000000000002,9.857705416945763,107.46149014762038
3.278,9.857705416946352,107.46148952826182
3.2800000000000002,9.857705416946944,107.46146643908492
3.282,9.85770541694754,107.4614988795735
3.2840000000000003,9.857705416948129,107.46147973598366
3.286,9.857705416948733,107.46147136722857
3.2880000000000003,9.857705416949326,107.46146529215491
3.29,9.857705416949923,107.461505926033
3.2920000000000003,9.857705416950521,107.46148994272974
3.294,9.857705416951122,107.4615104480726
3.2960000000000003,9.857705416951719,107.46146011035205
3.298,9.857705416952317,107.46149015205273
3.3000000000000003,9.857705416952914,107.4614758276943
3.302,9.857705416953506,107.46145908965177
3.3040000000000003,9.857705416954097,107.46150570833927
3.306,9.857705416954694,107.46151659017335
3.3080000000000003,9.857705416955284,107.46147249952483
3.31,9.857705416955868,107.46148440802563
3.3120000000000003,9.857705416956456,107.46148924757183
3.314,9.857705416957023,107.46142456248064
3.3160000000000003,9.857705416957595,107.4614867726304
3.318,9.85770541695815,107.46141448777456
3.3200000000000003,9.85770541695871,107.46153306987402
3.322,9.857705416959249,107.4614856123054
3.3240000000000003,9.857705416959789,107.4615075365499
3.326,9.857705416960314,107.46146360779129
3.3280000000000003,9.857705416960828,107.46147331224417
3.33,9.85770541696132,107.46146114112557
3.332,9.857705416961808,107.46139883110268
3.334,9.857705416962272,107.46144303331678
3.336,9.857705416962714,107.46145590604603
3.338,9.857705416963135,107.4614678139846
3.34,9.857705416963533,107.46147885623928
3.342,9.857705416963903,107.46141362525537
3.344,9.85770541696425,107.46137609140102
3.346,9.85770541696456,107.46146836638063
3.348,9.857705416964842,107.46145147788154
3.35,9.857705416965077,107.46149514612738
3.352,9.857705416965276,107.46145448770122
3.354,9.85770541696543,107.4614152235541
3.356,9.857705416965535,107.46152252570204
3.358,9.857705416965587,107.46144584202814
3.36,9.857705416965587,107.46138654691524
3.362,9.857705416965526,107.46147671472067
3.364,9.857705416965388,107.4614963244359
3.366,9.857705416965196,107.46147988172336
3.368,9.857705416964908,107.46140692018105
3.37,9.857705416964555,107.46148685623945
3.372,9.857705416964102,107.46154233449737
3.374,9.85770541696356,107.46147000833218
3.376,9.857705416962908,107.46142501919894
3.378,9.857705416962151,107.46139145809906
3.38,9.857705416961279,107.46143967338152
3.382,9.857705416960293,107.46135852954308
3.384,9.857705416959167,107.46138239972299
3.386,9.857705416957907,107.46147485461842
3.388,9.85770541695651,107.46142354375577
3.39,9.857705416954957,107.46150943452125
3.392,9.85770541695324,107.46139967396405
3.394,9.857705416951354,107.461427349683
3.396,9.857705416949308,107.46145782421306
3.398,9.85770541694707,107.46150525810488
3.4,9.85770541694464,107.461477907119
3.402,9.85770541694201,107.46153678199151
3.404,9.857705416939194,107.4615298511064
3.406,9.857705416936152,107.46141179720237
3.408,9.85770541693291,107.46149441281794
3.41,9.857705416929445,107.46151147488293
3.412,9.857705416925754,107.46139717597724
3.414,9.857705416921839,107.46138862093824
3.416,9.857705416917705,107.46143892074413
3.418,9.85770541691334,107.46145692046613
3.42,9.857705416908757,107.4614986770636
3.422,9.857705416903942,107.46142496454806
3.424,9.857705416898906,107.4615009253605
3.426,9.857705416893644,107.4615472633989
3.428,9.857705416888175,107.46140508525009
3.43,9.857705416882506,107.46145700538223
3.432,9.857705416876655,107.46152776021289
3.434,9.857705416870608,107.46150651368565
3.436,9.857705416864393,107.46151127539106
3.438,9.857705416858032,107.46148051686096
3.44,9.85770541685153,107.46142046810711
3.442,9.857705416844915,107.4615443739367
3.444,9.857705416838208,107.46145648947969
3.446,9.857705416831413,107.4615000780018
3.448,9.85770541682458,107.46150610279881
3.45,9.85770541681771,107.46145140982978
3.452,9.85770541681085,107.46147947071712
3.454,9.85770541680403,107.4614394777674
3.456,9.857705416797264,107.46146236621618
3.458,9.857705416790587,107.46150276700828
3.46,9.857705416784043,107.46148627627967
3.462,9.857705416777645,107.46156416738584
3.464,9.85770541677145,107.46148846823434
3.466,9.857705416765468,107.46149430613299
3.468,9.857705416759746,107.46153506324136
3.47,9.857705416754312,107.46146219633127
3.472,9.857705416749202,107.46156865690284
3.474,9.857705416744443,107.46146972228944
3.476,9.857705416740068,107.46149244779832
3.478,9.857705416736113,107.46151725720375
3.48,9.857705416732607,107.46158341519305
3.482,9.857705416729583,107.46149291146736
3.484,9.857705416727061,107.4615058176402
3.486,9.857705416725073,107.46150084223272
3.488,9.857705416723647,107.46153160352881
3.49,9.857705416722812,107.4614689107793
3.492,9.857705416722581,107.46152727355971
3.494,9.85770541672299,107.46161014420916
3.496,9.85770541672406,107.46153798323651
3.498,9.857705416725814,107.46136308084614
3.5,9.857705416728272,107.46156245436141
3.5020000000000002,9.857705416731463,107.46161626180869
3.504,9.857705416735389,107.46155441515434
3.5060000000000002,9.857705416740096,107.46153771236179
3.508,9.857705416745588,107.46139308113418
3.5100000000000002,9.85770541675188,107.46148995134055
3.512,9.857705416759018,107.46156216913134
3.5140000000000002,9.857705416766994,107.46150927284556
3.516,9.857705416775833,107.46144657446095
3.5180000000000002,9.85770541678558,107.46146996378558
3.52,9.857705416796218,107.46143876733463
3.5220000000000002,9.857705416807795,107.46156824278341
3.524,9.85770541682031,107.4615706699332
3.5260000000000002,9.8577054168338,107.46156594656222
3.528,9.857705416848264,107.46160569319683
3.5300000000000002,9.857705416863743,107.46152456304898
3.532,9.857705416880234,107.46154816717241
3.5340000000000003,9.857705416897774,107.46161267521113
3.536,9.857705416916366,107.4614182967055
3.5380000000000003,9.857705416936032,107.46154264155233
3.54,9.857705416956785,107.46152689851455
3.5420000000000003,9.85770541697865,107.46146420785146
3.544,9.85770541700164,107.46150231299458
3.5460000000000003,9.857705417025775,107.46162569791741
3.548,9.857705417051063,107.46158232158287
3.5500000000000003,9.857705417077526,107.46146112664675
3.552,9.857705417105178,107.46153733095849
3.5540000000000003,9.857705417134024,107.46148122940212
3.556,9.857705417164091,107.4614682752035
3.5580000000000003,9.857705417195387,107.46148224412944
3.56,9.857705417227935,107.46151297416374
3.5620000000000003,9.85770541726175,107.4614594552003
3.564,9.857705417296852,107.46148025440677
3.5660000000000003,9.857705417333259,107.4615628259538
3.568,9.85770541737099,107.46148811254527
3.5700000000000003,9.857705417410072,107.46153448665979
3.572,9.857705417450536,107.46158366677926
3.5740000000000003,9.857705417492397,107.46154773125669
3.576,9.857705417535708,107.4614986346468
3.5780000000000003,9.857705417580483,107.46145458801706
3.58,9.857705417626779,107.46139014953773
3.5820000000000003,9.857705417674623,107.46161026431018
3.584,9.857705417724079,107.46159490349615
3.586,9.857705417775186,107.46156617932381
3.588,9.857705417828003,107.46158567620687
3.59,9.857705417882606,107.46146259044495
3.592,9.857705417939055,107.46156346853854
3.594,9.857705417997447,107.46148480189902
3.596,9.857705418057845,107.46147388998331
3.598,9.857705418120368,107.46151427843836
3.6,9.857705418185095,107.46146161175366
3.602,9.857705418252149,107.46149071112715
3.604,9.857705418321647,107.46146075486813
3.606,9.857705418393717,107.46154052569281
3.608,9.8577054184685,107.46151617713538
3.61,9.857705418546164,107.46153754372068
3.612,9.857705418626843,107.46151669400052
3.614,9.857705418710733,107.46153047245183
3.616,9.857705418798032,107.46143850791267
3.618,9.857705418888939,107.46151329560522
3.62,9.857705418983667,107.46148606494666
3.622,9.857705419082457,107.46156702687604
3.624,9.857705419185569,107.46141312021977
3.626,9.857705419293271,107.4615509303994
3.628,9.857705419405866,107.46151566249479
3.63,9.857705419523674,107.46147724155318
3.632,9.857705419647022,107.46147588451483
3.634,9.857705419776273,107.46157477915415
3.636,9.857705419911838,107.46149558944383
3.638,9.857705420054124,107.4615234473732
3.64,9.857705420203573,107.46146670275289
3.642,9.857705420360691,107.46148631342061
3.644,9.85770542052599,107.461528638807
3.646,9.857705420700036,107.46152125020438
3.648,9.857705420883418,107.4615164153816
3.65,9.857705421076805,107.46151673324445
3.652,9.85770542128089,107.4615119932414
3.654,9.857705421496416,107.46152410972414
3.656,9.85770542172423,107.461538981581
3.658,9.857705421965186,107.46148569006886
3.66,9.85770542222023,107.46148890467792
3.662,9.857705422490396,107.46151489219731
3.664,9.857705422776805,107.46147003837937
3.666,9.85770542308063,107.46150698207984
3.668,9.85770542340316,107.46153854520679
3.67,9.85770542374582,107.46152489619557
3.672,9.857705424110101,107.46149732643191
3.674,9.857705424497656,107.46147637890826
3.676,9.857705424910275,107.46151393040743
3.678,9.857705425349867,107.4615346442968
3.68,9.857705425818533,107.46147892802178
3.682,9.857705426318526,107.46148954178038
3.684,9.857705426852283,107.4615664539439
3.686,9.857705427422491,107.46154564191836
3.688,9.857705428032007,107.46148295351249
3.69,9.857705428683957,107.46153553082512
3.692,9.857705429381724,107.46147347000448
3.694,9.857705430128963,107.4615218912153
3.696,9.857705430929608,107.46149395400406
3.698,9.857705431787974,107.46148145441981
3.7,9.857705432708627,107.46151797725234
3.702,9.85770543369653,107.46147438225731
3.704,9.857705434757005,107.46151258012074
3.706,9.857705435895769,107.46148809140463
3.708,9.857705437118877,107.46149872832365
3.71,9.857705438432813,107.46148407550601
3.712,9.857705439844384,107.46149156387185
3.714,9.85770544136078,107.46152085973375
3.716,9.857705442989374,107.46151239635272
3.718,9.857705444737835,107.46152033153768
3.72,9.85770544661386,107.4615153130729
3.722,9.857705448624994,107.46153281364583
3.724,9.857705450778454,107.46148098275985
3.726,9.857705453080769,107.46148261539606
3.728,9.8577054555373,107.46150096691176
3.73,9.857705458151566,107.46148589443393
3.732,9.857705460924507,107.46152280793652
3.734,9.857705463853343,107.46152755869954
3.736,9.857705466930037,107.46148006079949
3.738,9.857705470139422,107.46153381579262
3.74,9.857705473456695,107.46148080566846
3.742,9.857705476844036,107.46151823639951
3.744,9.857705480246409,107.46152259322922
3.746,9.85770548358593,107.46151321520809
3.748,9.85770548675454,107.46150964345688
3.75,9.857705489604934,107.4615134719673
3.7520000000000002,9.857705491938539,107.46151795088981
3.754,9.857705493490474,107.46150318562816
3.7560000000000002,9.857705493910808,107.46151058789266
3.758,9.857705492741058,107.46149195055797
3.7600000000000002,9.857705489385749,107.46150937730012
3.762,9.857705483078773,107.46149521580536
3.7640000000000002,9.857705472845199,107.46149904947174
3.766,9.857705457460618,107.46152659994549
3.7680000000000002,9.857705435412752,107.46150912076688
3.77,9.857705404875436,107.46151982086297
3.7720000000000002,9.857705363711188,107.46152186509218
3.774,9.857705309531543,107.46152480513926
3.7760000000000002,9.85770523986087,107.46150500423623
3.778,9.857705152471446,107.46152517125572
3.7800000000000002,9.857705045986783,107.46152851447076
3.782,9.857704920872589,107.46151530144367
3.7840000000000003,9.857704780941233,107.46151336587386
3.786,9.85770463544241,107.46150301294213
3.7880000000000003,9.857704501642083,107.46152294416822
3.79,9.857704407422379,107.4614891606429
3.7920000000000003,9.857704392794833,107.46151660648272
3.794,9.857704508371793,107.46151836556282
3.7960000000000003,9.857704808147648,107.46150108997115
3.798,9.857705334282674,107.4615075571688
3.8000000000000003,9.857706094216045,107.46151539039374
3.802,9.857707036078047,107.46150798778116
3.8040000000000003,9.857708035285011,107.46151456914944
3.806,9.857708907837555,107.46153152733987
3.8080000000000003,9.857709457333009,107.46150750122213
3.81,9.857709542651229,107.4615100895897
3.8120000000000003,9.857709134138197,107.4614970010109
3.814,9.857708326253302,107.46151713114486
3.8160000000000003,9.85770729899193,107.46151702425907
3.818,9.857706250970196,107.4615062933166
3.8200000000000003,9.857705339525037,107.46150303890957
3.822,9.857704651237007,107.46150286040915
3.8240000000000003,9.857704204385772,107.46149094858568
3.826,9.857703970183678,107.46150322599416
3.8280000000000003,9.857703897669108,107.46150917206273
3.83,9.857703932920131,107.46151245166124
3.8320000000000003,9.857704029929284,107.46150431873443
3.834,9.857704154546258,107.46150762457691
3.8360000000000003,9.857704284166402,107.46150454135251
3.838,9.857704405502052,107.46151461734267
3.84,9.857704511931384,107.46149715062059
3.842,9.857704601161569,107.46150426060339
3.844,9.857704673453501,107.46149231422947
3.846,9.857704730399064,107.46151385187048
3.848,9.857704774144118,107.46149834176447
3.85,9.85770480693176,107.46151515423324
3.852,9.857704830859294,107.46150967974081
3.854,9.857704847767845,107.46151853315574
3.856,9.857704859210067,107.46151250280333
3.858,9.857704866459315,107.46150080333764
3.86,9.857704870538928,107.46152305240804
3.862,9.85770487225864,107.46150538262151
3.864,9.857704872251304,107.46149732565966
3.866,9.857704871006082,107.4615151328767
3.868,9.857704868897777,107.46151171983054
3.87,9.857704866210739,107.46153365135552
3.872,9.85770486315873,107.46150596755285
3.874,9.8577048599008,107.46150347672182
3.876,9.857704856553816,107.46151897478198
3.878,9.857704853202389,107.46152645489333
3.88,9.8577048499065,107.46150551630184
3.882,9.857704846707605,107.4615094476826
3.884,9.857704843633176,107.46152162477408
3.886,9.857704840700226,107.4615127127938
3.888,9.857704837918035,107.4615210273692
3.89,9.85770483529036,107.46150085290152
3.892,9.8577048328168,107.46151228219152
3.894,9.85770483049416,107.46151682145945
3.896,9.857704828317262,107.461508507987
3.898,9.85770482627969,107.4615233569026
3.9,9.857704824374231,107.46152381427252
3.902,9.85770482259326,107.46150945769025
3.904,9.857704820929026,107.46151040984982
3.906,9.857704819373815,107.46151878747607
3.908,9.857704817920132,107.46151057288291
3.91,9.857704816560775,107.46149628981273
3.912,9.85770481528887,107.46151514745516
3.914,9.857704814097922,107.46151119287302
3.916,9.857704812981861,107.4615258169246
3.918,9.857704811934997,107.46150108456612
3.92,9.857704810952065,107.46149396897148
3.922,9.857704810028173,107.46151826292285
3.924,9.857704809158829,107.46150990908428
3.926,9.85770480833988,107.46151081165213
3.928,9.857704807567522,107.46152488462002
3.93,9.857704806838296,107.46150801409037
3.932,9.857704806148988,107.46150710073124
3.934,9.857704805496722,107.46151188661088
3.936,9.857704804878816,107.46151165582778
3.938,9.8577048042929,107.46151365806368
3.94,9.857704803736777,107.46150667448165
3.942,9.857704803208431,107.46152240127074
3.944,9.857704802706102,107.46150298206871
3.946,9.857704802228142,107.461515954331
3.948,9.85770480177306,107.46151134686998
3.95,9.857704801339533,107.4615060427122
3.952,9.857704800926346,107.46150262109659
3.954,9.857704800532407,107.46151121410837
3.956,9.85770480015671,107.46150657324759
3.958,9.857704799798336,107.46149506992815
3.96,9.85770479945646,107.46150503956827
3.962,9.857704799130312,107.46150969405076
3.964,9.857704798819158,107.46151043857161
3.966,9.857704798522363,107.46151283794589
3.968,9.857704798239283,107.46150500005388
3.97,9.857704797969337,107.46151603642228
3.972,9.857704797711953,107.4615007026876
3.974,9.857704797466601,107.46151232749736
3.976,9.85770479723275,107.46150313784395
3.978,9.85770479700986,107.461497003422
3.98,9.857704796797453,107.46150496619119
3.982,9.85770479659498,107.46152311081283
3.984,9.857704796401963,107.4615159865667
3.986,9.857704796217876,107.46149787266424
3.988,9.8577047960422,107.46152411955127
3.99,9.857704795874419,107.46150708766481
3.992,9.857704795714007,107.46152226136635
3.994,9.857704795560442,107.46150879309836
3.996,9.857704795413177,107.461517924034
3.998,9.85770479527169,107.46150767764581
